{"cameraMode":{"drawMode":0,"name":"Shaded","section":"Shading Mode"},"sceneLighting":false,"audioPlay":false,"sceneViewState":{"m_AlwaysRefresh":false,"showFog":true,"showSkybox":false,"showFlares":true,"showImageEffects":true,"showParticleSystems":true,"showVisualEffectGraphs":true,"m_FxEnabled":false},"in2DMode":false,"pivot":{"x":0.010000228881835938,"y":8.989999771118164,"z":22.15999984741211},"rotation":{"x":0.1912059783935547,"y":0.04562246426939964,"z":-0.00889984518289566,"w":0.9804487228393555},"size":18.65768051147461,"orthographic":false}