{"cameraMode":{"drawMode":0,"name":"Shaded","section":"Shading Mode"},"sceneLighting":true,"audioPlay":false,"sceneViewState":{"m_AlwaysRefresh":false,"showFog":true,"showSkybox":true,"showFlares":true,"showImageEffects":true,"showParticleSystems":true,"showVisualEffectGraphs":true,"m_FxEnabled":false},"in2DMode":false,"pivot":{"x":11.437321662902832,"y":7.5021748542785648,"z":-6.572625160217285},"rotation":{"x":0.16235537827014924,"y":-0.4357265830039978,"z":0.08023065328598023,"w":0.8816691040992737},"size":1.2247449159622193,"orthographic":false}