{"cameraMode":{"drawMode":0,"name":"Shaded","section":"Shading Mode"},"sceneLighting":true,"audioPlay":false,"sceneViewState":{"m_AlwaysRefresh":false,"showFog":true,"showSkybox":true,"showFlares":true,"showImageEffects":true,"showParticleSystems":true,"showVisualEffectGraphs":true,"m_FxEnabled":false},"in2DMode":false,"pivot":{"x":2.374796152114868,"y":14.733327865600586,"z":-10.294242858886719},"rotation":{"x":0.20007053017616273,"y":-0.41233959794044497,"z":0.09332874417304993,"w":0.883873462677002},"size":0.8459265232086182,"orthographic":false}